NAME,E_KS (1st),E_Free,Spin,Gap,N_Au,N_Ag,DE1stStep,DE1stSteppa,EEFinal,EEFinalpa,DE_Bulk,DE_Bulk_pa,NBONDS,AVBONDLEN,NAGAGBONDS,AVAGAGBONDLEN,AGAGRATIO,NAGAUBONDS,AVAGAUBONDLEN,AGAURATIO,NAUAUBONDS,AVAUAUBONDLEN,AUAURATIO,Type,Schoenflies symbol,CSM,RMS,Schoenflies symbol T
cubo_Ag_00_Au_13_config_301,-11710.3744,-11710.37827,0.99,0.67304,13,0,0,0,0.08395,0.006458,17.65909,1.358392,36,2.84236,0,0,0,0,0,0,36,2.84236,1,Cubo,Oh,0.0000,0.0000,Oh
cubo_Ag_00_Au_13_distorted,-11710.3744,-11710.46222,0.99,0.67304,13,0,0,0,0,0,17.57514,1.351934,36,2.84236,0,0,0,0,0,0,36,2.84236,1,Cubo,Oh,0.6032,0.0777,Oh
cubo_Ag_01_Au_12_config_301,-11804.2223,-11804.22227,0.98,0.72743,12,1,-0.610892,-0.046992,-0.520291,-0.040022,17.003924,1.307994,,,,,,,,,,,,Cubo,Oh,0.0000,0.0000,Oh
cubo_Ag_01_Au_12_config_302,-11803.9252,-11804.0078,1,0.20713,12,1,-0.313792,-0.024138,-0.305821,-0.023525,17.218394,1.324492,36,2.84094,0,0,0,5,2.82807,0.1389,31,2.84301,0.8611,Cubo,Oh,0.4908,0.0701,Oh
cubo_Ag_01_Au_12_distorted,-11804.2223,-11804.28694,1,0.20713,12,1,-0.610892,-0.046992,-0.584961,-0.044997,16.939254,1.30302,36,2.83361,0,0,0,12,2.83281,0.3333,24,2.83401,0.6667,Cubo,C2v,0.0011,0.0033,Oh
cubo_Ag_02_Au_11_config_301,-11897.7362,-11897.82204,1,0.18203,11,2,-0.887785,-0.068291,-0.880302,-0.067716,16.592988,1.276384,36,2.83143,1,2.72444,0.0278,15,2.8405,0.4167,20,2.82997,0.5556,Cubo,C2v,0.0015,0.0038,Oh
cubo_Ag_02_Au_11_config_302,-11897.2442,-11897.34654,0.99,0.15554,11,2,-0.395785,-0.030445,-0.404802,-0.031139,17.068488,1.312961,36,2.8429,1,2.98164,0.0278,8,2.80369,0.2222,27,2.84938,0.75,Cubo,Cs,0.0018,0.0042,Oh
cubo_Ag_02_Au_11_config_303,-11897.4263,-11897.50038,1,0.18555,11,2,-0.577885,-0.044453,-0.558642,-0.042972,16.914648,1.301127,36,2.84027,0,0,0,10,2.83448,0.2778,26,2.84249,0.7222,Cubo,C2v,0.0031,0.0056,Oh
cubo_Ag_02_Au_11_config_304,-11897.3365,-11897.44164,1,0.1971,11,2,-0.488085,-0.037545,-0.499902,-0.038454,16.973388,1.305645,36,2.84164,0,0,0,10,2.8356,0.2778,26,2.84396,0.7222,Cubo,NO,,,Oh
cubo_Ag_02_Au_11_config_305,-11897.5105,-11897.59055,1,0.22808,11,2,-0.662085,-0.05093,-0.648812,-0.049909,16.824478,1.294191,36,2.83925,0,0,0,10,2.81921,0.2778,26,2.84696,0.7222,Cubo,D2h,0.0000,0.0002,Oh
cubo_Ag_03_Au_10_config_301,-11990.9921,-11991.13849,0.99,0.15474,10,3,-0.906677,-0.069744,-0.956992,-0.073615,16.465372,1.266567,36,2.83383,3,2.85046,0.0833,16,2.82508,0.4444,17,2.83913,0.4722,Cubo,Cs,,,Oh
cubo_Ag_03_Au_10_config_302,-11991.2223,-11991.29312,0.99,0.16911,10,3,-1.136877,-0.087452,-1.111622,-0.085509,16.310742,1.254672,36,2.83103,2,2.76916,0.0556,18,2.84188,0.5,16,2.82656,0.4444,Cubo,C2v,0.0153,0.0124,Oh
cubo_Ag_03_Au_10_config_303,-11991.1138,-11991.22808,1,0.1594,10,3,-1.028377,-0.079106,-1.046582,-0.080506,16.375782,1.259676,36,2.83098,2,2.79143,0.0556,18,2.83378,0.5,16,2.83278,0.4444,Cubo,NO,,,Oh
cubo_Ag_03_Au_10_config_304,-11991.2908,-11991.37584,1,0.2061,10,3,-1.205377,-0.092721,-1.194342,-0.091872,16.228022,1.248309,36,2.82971,2,2.75418,0.0556,18,2.83545,0.5,16,2.83269,0.4444,Cubo,D2h,0.0000,0.0000,Oh
cubo_Ag_03_Au_10_config_305,-11990.637,-11990.74544,1,0.18629,10,3,-0.551577,-0.042429,-0.563942,-0.04338,16.858422,1.296802,36,2.84282,2,2.94165,0.0556,11,2.80706,0.3056,23,2.85134,0.6389,Cubo,Cs,0.0061,0.0078,Oh
cubo_Ag_03_Au_10_config_306,-11990.5779,-11990.71925,0.98,0.14399,10,3,-0.492477,-0.037883,-0.537752,-0.041366,16.884612,1.298816,36,2.84496,2,2.92448,0.0556,11,2.79669,0.3056,23,2.86112,0.6389,Cubo,C2,,,Oh
cubo_Ag_03_Au_10_config_307,-11990.4337,-11990.49972,1,0.10254,10,3,-0.348277,-0.026791,-0.318222,-0.024479,17.104142,1.315703,36,2.84364,3,2.94112,0.0833,9,2.80771,0.25,24,2.84493,0.6667,Cubo,C3v,0.0000,0.0003,Oh
cubo_Ag_03_Au_10_config_308,-11990.663,-11990.78808,0.99,0.16804,10,3,-0.577577,-0.044429,-0.606582,-0.04666,16.815782,1.293522,36,2.84202,1,2.97076,0.0278,13,2.81318,0.3611,22,2.85321,0.6111,Cubo,Cs,0.0085,0.0092,Oh
cubo_Ag_03_Au_10_config_309,-11990.7445,-11990.84509,1,0.18525,10,3,-0.659077,-0.050698,-0.663592,-0.051046,16.758772,1.289136,36,2.84086,1,2.98159,0.0278,13,2.81841,0.3611,22,2.84774,0.6111,Cubo,NO,,,Oh
cubo_Ag_03_Au_10_config_310,-11990.813,-11990.93292,1,0.21999,10,3,-0.727577,-0.055967,-0.751422,-0.057802,16.670942,1.28238,36,2.83925,1,2.92415,0.0278,13,2.80847,0.3611,22,2.85358,0.6111,Cubo,NO,,,Oh
cubo_Ag_03_Au_10_config_311,-11990.8474,-11990.93914,1,0.18577,10,3,-0.761977,-0.058614,-0.757642,-0.05828,16.664722,1.281902,36,2.84047,0,0,0,15,2.83788,0.4167,21,2.84233,0.5833,Cubo,Cs,0.0144,0.0120,Oh
cubo_Ag_03_Au_10_config_312,-11990.9377,-11991.37872,0.99,0.16569,10,3,-0.852277,-0.06556,-1.197222,-0.092094,16.225142,1.248088,32,2.80651,1,2.86234,0.0313,11,2.77547,0.3438,20,2.82079,0.625,Cubo,NO,,,Cs
cubo_Ag_03_Au_10_config_313,-11990.758,-11990.86043,0.99,0.14771,10,3,-0.672577,-0.051737,-0.678932,-0.052226,16.743432,1.287956,36,2.84212,0,0,0,15,2.82428,0.4167,21,2.85485,0.5833,Cubo,D3,0.0000,0.0002,Oh
cubo_Ag_04_Au_09_config_301,-12084.3892,-12084.50364,0.99,0.1695,9,4,-1.066769,-0.082059,-1.082383,-0.08326,16.289056,1.253004,36,2.83278,5,2.83612,0.1389,17,2.82644,0.4722,14,2.83928,0.3889,Cubo,Cs,0.0144,0.0120,Oh
cubo_Ag_04_Au_09_config_302,-12084.7377,-12085.22656,1,0.18378,9,4,-1.415269,-0.108867,-1.805303,-0.138869,15.566136,1.197395,36,2.84361,4,2.93202,0.1111,19,2.86802,0.5278,13,2.78072,0.3611,Cubo,NO,,,NO
cubo_Ag_04_Au_09_config_303,-12084.161,-12084.23787,0.99,0.10028,9,4,-0.838569,-0.064505,-0.816613,-0.062816,16.554826,1.273448,36,2.83576,6,2.8662,0.1667,15,2.83018,0.4167,15,2.82916,0.4167,Cubo,C3v,0.0000,0.0002,Oh
cubo_Ag_04_Au_09_config_304,-12084.4061,-12084.55142,0.99,0.16833,9,4,-1.083669,-0.083359,-1.130163,-0.086936,16.241276,1.249329,36,2.83487,4,2.8471,0.1111,19,2.82489,0.5278,13,2.84569,0.3611,Cubo,Cs,0.0222,0.0149,Oh
cubo_Ag_04_Au_09_config_305,-12084.5012,-12084.61118,0.99,0.1713,9,4,-1.178769,-0.090675,-1.189923,-0.091533,16.181516,1.244732,36,2.83251,4,2.83093,0.1111,19,2.83363,0.5278,13,2.83135,0.3611,Cubo,NO,,,Oh
cubo_Ag_04_Au_09_config_306,-12084.563,-12084.694,1,0.19817,9,4,-1.240569,-0.095428,-1.272743,-0.097903,16.098696,1.238361,36,2.83099,4,2.81868,0.1111,19,2.82633,0.5278,13,2.84158,0.3611,Cubo,NO,,,Oh
cubo_Ag_04_Au_09_config_307,-12083.9703,-12084.71129,0.99,0.17015,9,4,-0.647869,-0.049836,-1.290033,-0.099233,16.081406,1.237031,36,2.83132,3,2.79063,0.0833,21,2.84056,0.5833,12,2.82534,0.3333,Cubo,Cs,0.0213,0.0146,Oh
cubo_Ag_04_Au_09_config_308,-12084.7156,-12084.78962,1,0.18914,9,4,-1.393169,-0.107167,-1.368363,-0.105259,16.003076,1.231006,36,2.82862,3,2.77007,0.0833,21,2.83759,0.5833,12,2.82754,0.3333,Cubo,C2v,0.0102,0.0101,Oh
cubo_Ag_04_Au_09_config_309,-12084.5042,-12084.641,0.99,0.14931,9,4,-1.181769,-0.090905,-1.219743,-0.093826,16.151696,1.242438,36,2.83668,3,2.85662,0.0833,21,2.82448,0.5833,12,2.85305,0.3333,Cubo,D3,0.0000,0.0003,Oh
cubo_Ag_04_Au_09_config_310,-12083.7765,-12083.89345,1,0.08909,9,4,-0.454069,-0.034928,-0.472193,-0.036323,16.899246,1.299942,36,2.84235,4,2.9245,0.1111,12,2.79341,0.3333,20,2.85529,0.5556,Cubo,C4v,0.0931,0.0305,Oh
cubo_Ag_04_Au_09_config_311,-12083.8429,-12083.97128,1,0.18891,9,4,-0.520469,-0.040036,-0.550023,-0.042309,16.821416,1.293955,36,2.84062,4,2.85993,0.1111,12,2.81845,0.3333,20,2.85006,0.5556,Cubo,NO,,,Oh
cubo_Ag_04_Au_09_config_312,-12083.9653,-12084.10617,1,0.18495,9,4,-0.642869,-0.049451,-0.684913,-0.052686,16.686526,1.283579,36,2.84316,3,2.93161,0.0833,14,2.80488,0.3889,19,2.8574,0.5278,Cubo,NO,,,Oh
cubo_Ag_04_Au_09_config_313,-12083.9716,-12084.10575,1,0.18951,9,4,-0.649169,-0.049936,-0.684493,-0.052653,16.686946,1.283611,36,2.84399,2,2.95948,0.0556,16,2.82339,0.4444,18,2.84946,0.5,Cubo,Cs,0.0448,0.0212,Oh
cubo_Ag_04_Au_09_config_314,-12084.174,-12084.27149,1,0.19971,9,4,-0.851569,-0.065505,-0.850233,-0.065403,16.521206,1.270862,36,2.83994,2,2.93949,0.0556,16,2.81071,0.4444,18,2.85486,0.5,Cubo,NO,,,Oh
cubo_Ag_04_Au_09_config_315,-12084.089,-12084.2342,1,0.18437,9,4,-0.766569,-0.058967,-0.812943,-0.062534,16.558496,1.27373,36,2.84093,2,2.89178,0.0556,16,2.813,0.4444,18,2.86011,0.5,Cubo,Cs,1.0940,0.1046,Oh
cubo_Ag_04_Au_09_config_316,-12084.0416,-12084.18974,1,0.18467,9,4,-0.719169,-0.055321,-0.768483,-0.059114,16.602956,1.27715,36,2.84131,2,2.91186,0.0556,16,2.81772,0.4444,18,2.85443,0.5,Cubo,NO,,,Oh
cubo_Ag_04_Au_09_config_317,-12084.0286,-12084.17616,0.99,0.17047,9,4,-0.706169,-0.054321,-0.754903,-0.058069,16.616536,1.278195,36,2.84548,3,2.90852,0.0833,14,2.80153,0.3889,19,2.86791,0.5278,Cubo,Cs,0.0010,0.0032,Oh
cubo_Ag_04_Au_09_config_318,-12084.1354,-12084.28255,1,0.19609,9,4,-0.812969,-0.062536,-0.861293,-0.066253,16.510146,1.270011,36,2.83937,2,2.88236,0.0556,16,2.80875,0.4444,18,2.86182,0.5,Cubo,C2,0.0128,0.0113,Oh
cubo_Ag_04_Au_09_config_319,-12084.0054,-12084.1335,1,0.22806,9,4,-0.682969,-0.052536,-0.712243,-0.054788,16.659196,1.281477,36,2.84076,3,2.83304,0.0833,14,2.83153,0.3889,19,2.84878,0.5278,Cubo,Cs,0.0000,0.0002,Oh
cubo_Ag_04_Au_09_config_320,-12084.1782,-12084.29907,1,0.18636,9,4,-0.855769,-0.065828,-0.877813,-0.067524,16.493626,1.26874,36,2.84111,1,2.99361,0.0278,18,2.82435,0.5,17,2.8499,0.4722,Cubo,NO,,,Oh
cubo_Ag_04_Au_09_config_321,-12084.1271,-12084.27583,1,0.22529,9,4,-0.804669,-0.061898,-0.854573,-0.065736,16.516866,1.270528,36,2.84166,2,2.99554,0.0556,16,2.79705,0.4444,18,2.86421,0.5,Cubo,C2,0.0000,0.0005,Oh
cubo_Ag_04_Au_09_config_322,-12084.0672,-12084.22265,1,0.18294,9,4,-0.744769,-0.05729,-0.801393,-0.061646,16.570046,1.274619,36,2.84029,2,2.9204,0.0556,16,2.80451,0.4444,18,2.86319,0.5,Cubo,C2,0.0110,0.0105,Oh
cubo_Ag_04_Au_09_config_323,-12084.2767,-12084.36661,1,0.19604,9,4,-0.954269,-0.073405,-0.945353,-0.072719,16.426086,1.263545,36,2.83931,1,2.97299,0.0278,18,2.81766,0.5,17,2.85436,0.4722,Cubo,NO,,,Oh
cubo_Ag_04_Au_09_config_324,-12084.0134,-12084.11484,1,0.19126,9,4,-0.690969,-0.053151,-0.693583,-0.053353,16.677856,1.282912,36,2.84158,2,2.97743,0.0556,16,2.81802,0.4444,18,2.84743,0.5,Cubo,C2v,0.0066,0.0081,Oh
cubo_Ag_04_Au_09_config_325,-12084.1857,-12084.32074,0.99,0.16102,9,4,-0.863269,-0.066405,-0.899483,-0.069191,16.471956,1.267074,36,2.84215,2,2.95131,0.0556,16,2.79641,0.4444,18,2.87069,0.5,Cubo,C2h,0.0000,0.0002,Oh
cubo_Ag_04_Au_09_config_326,-12084.1799,-12084.22333,1,0.00243,9,4,-0.857469,-0.065959,-0.802073,-0.061698,16.569366,1.274567,36,2.84006,0,0,0,20,2.84381,0.5556,16,2.83536,0.4444,Cubo,D2d,0.0001,0.0009,Oh
cubo_Ag_04_Au_09_config_327,-12084.3781,-12084.53008,0.98,0.13938,9,4,-1.055669,-0.081205,-1.108823,-0.085294,16.262616,1.25097,36,2.83738,0,0,0,20,2.79613,0.5556,16,2.88894,0.4444,Cubo,D4h,0.0000,0.0000,Oh
cubo_Ag_05_Au_08_config_301,-12177.4845,-12177.57837,1,0.00052,8,5,-0.925062,-0.071159,-0.917354,-0.070566,16.40316,1.261782,36,2.83352,8,2.85789,0.2222,16,2.81576,0.4444,12,2.84098,0.3333,Cubo,C4v,0.0000,0.0002,Oh
cubo_Ag_05_Au_08_config_302,-12177.5562,-12177.67919,0.99,0.17076,8,5,-0.996762,-0.076674,-1.018174,-0.078321,16.30234,1.254026,36,2.83251,8,2.8179,0.2222,16,2.84283,0.4444,12,2.8285,0.3333,Cubo,NO,,,Oh
cubo_Ag_05_Au_08_config_303,-12177.6848,-12177.83275,0.99,0.17065,8,5,-1.125362,-0.086566,-1.171734,-0.090133,16.14878,1.242214,36,2.8358,7,2.86004,0.1944,18,2.81902,0.5,11,2.84781,0.3056,Cubo,NO,,,Oh
cubo_Ag_05_Au_08_config_304,-12177.6916,-12177.82949,0.99,0.17446,8,5,-1.132162,-0.087089,-1.168474,-0.089883,16.15204,1.242465,36,2.83512,6,2.85412,0.1667,20,2.83207,0.5556,10,2.82982,0.2778,Cubo,Cs,0.7296,0.0854,Oh
cubo_Ag_05_Au_08_config_305,-12177.8985,-12178.00513,1,0.18683,8,5,-1.339062,-0.103005,-1.344114,-0.103393,15.9764,1.228954,36,2.83078,6,2.82983,0.1667,20,2.82607,0.5556,10,2.84078,0.2778,Cubo,NO,,,Oh
cubo_Ag_05_Au_08_config_306,-12177.8069,-12177.96733,0.99,0.16924,8,5,-1.247462,-0.095959,-1.306314,-0.100486,16.0142,1.231862,36,2.83358,6,2.84115,0.1667,20,2.81909,0.5556,10,2.85802,0.2778,Cubo,Cs,0.7020,0.0838,Oh
cubo_Ag_05_Au_08_config_307,-12177.7835,-12177.92352,0.99,0.17237,8,5,-1.224062,-0.094159,-1.262504,-0.097116,16.05801,1.235232,36,2.83408,6,2.84131,0.1667,20,2.82753,0.5556,10,2.84286,0.2778,Cubo,NO,,,Oh
cubo_Ag_05_Au_08_config_308,-12177.7407,-12177.91406,0.99,0.1655,8,5,-1.181262,-0.090866,-1.253044,-0.096388,16.06747,1.235959,36,2.83357,7,2.83908,0.1944,18,2.8118,0.5,11,2.86568,0.3056,Cubo,Cs,0.0064,0.0080,Oh
cubo_Ag_05_Au_08_config_309,-12176.8082,-12176.45553,0.99,0.17319,8,5,-0.248762,-0.019136,0.205486,0.015807,17.526,1.348154,36,2.82592,6,2.8309,0.1667,20,2.81305,0.5556,10,2.84866,0.2778,Cubo,C2,,,Oh
cubo_Ag_05_Au_08_config_310,-12177.7151,-12177.83749,1,0.20193,8,5,-1.155662,-0.088897,-1.176474,-0.090498,16.14404,1.241849,36,2.8313,7,2.802,0.1944,18,2.84461,0.5,11,2.82816,0.3056,Cubo,Cs,0.0000,0.0002,Oh
cubo_Ag_05_Au_08_config_311,-12177.9042,-12178.03835,0.99,0.17181,8,5,-1.344762,-0.103443,-1.377334,-0.105949,15.94318,1.226398,36,2.83272,5,2.82846,0.1389,22,2.83628,0.6111,9,2.82638,0.25,Cubo,NO,,,Oh
cubo_Ag_05_Au_08_config_312,-12177.8417,-12177.99386,1,0.19995,8,5,-1.282262,-0.098636,-1.332844,-0.102526,15.98767,1.229821,36,2.83078,6,2.83603,0.1667,20,2.81905,0.5556,10,2.8511,0.2778,Cubo,C2,0.0000,0.0004,Oh
cubo_Ag_05_Au_08_config_313,-12177.8044,-12177.95595,0.99,0.16816,8,5,-1.244962,-0.095766,-1.294934,-0.09961,16.02558,1.232737,36,2.83274,6,2.84206,0.1667,20,2.81633,0.5556,10,2.85997,0.2778,Cubo,C2,0.0240,0.0155,Oh
cubo_Ag_05_Au_08_config_314,-12178.0062,-12178.11086,1,0.18427,8,5,-1.446762,-0.111289,-1.449844,-0.111526,15.87067,1.220821,36,2.83173,5,2.8284,0.1389,22,2.83101,0.6111,9,2.83533,0.25,Cubo,NO,,,Oh
cubo_Ag_05_Au_08_config_315,-12177.7332,-12177.84756,1,0.1911,8,5,-1.173762,-0.090289,-1.186544,-0.091273,16.13397,1.241075,36,2.83415,6,2.86207,0.1667,20,2.82746,0.5556,10,2.83079,0.2778,Cubo,C2v,0.0136,0.0117,Oh
cubo_Ag_05_Au_08_config_316,-12177.9012,-12178.05235,0.99,0.16231,8,5,-1.341762,-0.103212,-1.391334,-0.107026,15.92918,1.225322,36,2.83492,6,2.86402,0.1667,20,2.80483,0.5556,10,2.87763,0.2778,Cubo,C2h,0.0000,0.0000,Oh
cubo_Ag_05_Au_08_config_317,-12177.9094,-12178.02227,0.99,0.17163,8,5,-1.349962,-0.103843,-1.361254,-0.104712,15.95926,1.227635,36,2.83005,4,2.79524,0.1111,24,2.84231,0.6667,8,2.81066,0.2222,Cubo,C2v,0.7133,0.0845,Oh
cubo_Ag_05_Au_08_config_318,-12178.1157,-12178.27198,0.98,0.13738,8,5,-1.556262,-0.119712,-1.610964,-0.12392,15.70955,1.208427,36,2.82885,4,2.74338,0.1111,24,2.82213,0.6667,8,2.89174,0.2222,Cubo,D4h,0.0000,0.0000,Oh
cubo_Ag_05_Au_08_config_319,-12176.9998,-12177.14846,1,0.12622,8,5,-0.440362,-0.033874,-0.487444,-0.037496,16.83307,1.294852,36,2.84357,6,2.883,0.1667,13,2.80575,0.3611,17,2.85857,0.4722,Cubo,Cs,0.0088,0.0094,Oh
cubo_Ag_05_Au_08_config_320,-12177.3197,-12177.46492,1,0.20181,8,5,-0.760262,-0.058482,-0.803904,-0.061839,16.51661,1.270508,36,2.84412,4,2.9238,0.1111,17,2.80538,0.4722,15,2.86677,0.4167,Cubo,Cs,0.0001,0.0008,C2v
cubo_Ag_05_Au_08_config_321,-12177.0173,-12177.12728,1,0.19547,8,5,-0.457862,-0.03522,-0.466264,-0.035866,16.85425,1.296481,36,2.84285,6,2.89631,0.1667,13,2.80474,0.3611,17,2.85312,0.4722,Cubo,C2v,0.0000,0.0003,Oh
cubo_Ag_05_Au_08_config_322,-12177.094,-12177.25115,1,0.17986,8,5,-0.534562,-0.04112,-0.590134,-0.045395,16.73038,1.286952,36,2.84209,5,2.88039,0.1389,15,2.81123,0.4167,16,2.85906,0.4444,Cubo,NO,,,Oh
cubo_Ag_05_Au_08_config_323,-12177.1974,-12177.35223,1,0.18165,8,5,-0.637962,-0.049074,-0.691214,-0.05317,16.6293,1.279177,36,2.84161,5,2.85395,0.1389,15,2.81834,0.4167,16,2.85957,0.4444,Cubo,NO,,,Oh
cubo_Ag_05_Au_08_config_324,-12177.2888,-12177.40767,1,0.19827,8,5,-0.729362,-0.056105,-0.746654,-0.057435,16.57386,1.274912,36,2.83959,5,2.86348,0.1389,15,2.81,0.4167,16,2.85987,0.4444,Cubo,Cs,0.0000,0.0002,Oh
cubo_Ag_05_Au_08_config_325,-12177.2925,-12177.45474,1,0.1881,8,5,-0.733062,-0.056389,-0.793724,-0.061056,16.52679,1.271292,36,2.83942,4,2.85543,0.1111,17,2.8188,0.4722,15,2.85853,0.4167,Cubo,NO,,,Oh
cubo_Ag_05_Au_08_config_326,-12177.3875,-12177.49227,1,0.20377,8,5,-0.828062,-0.063697,-0.831254,-0.063943,16.48926,1.268405,36,2.83952,4,2.85829,0.1111,17,2.82083,0.4722,15,2.85571,0.4167,Cubo,NO,,,Oh
cubo_Ag_05_Au_08_config_327,-12177.2495,-12177.38979,1,0.18928,8,5,-0.690062,-0.053082,-0.728774,-0.05606,16.59174,1.276288,36,2.84394,4,2.92391,0.1111,17,2.81037,0.4722,15,2.86067,0.4167,Cubo,Cs,0.0223,0.0149,Oh
cubo_Ag_05_Au_08_config_328,-12177.3055,-12177.4428,1,0.13522,8,5,-0.746062,-0.057389,-0.781784,-0.060137,16.53873,1.27221,36,2.8409,3,2.89616,0.0833,19,2.82055,0.5278,14,2.85667,0.3889,Cubo,NO,,,Oh
cubo_Ag_05_Au_08_config_329,-12177.4032,-12177.53931,1,0.20263,8,5,-0.843762,-0.064905,-0.878294,-0.067561,16.44222,1.264786,36,2.83955,4,2.9038,0.1111,17,2.79962,0.4722,15,2.86766,0.4167,Cubo,C2,0.0209,0.0145,Oh
cubo_Ag_05_Au_08_config_330,-12177.316,-12177.48848,0.99,0.17017,8,5,-0.756562,-0.058197,-0.827464,-0.063651,16.49305,1.268696,36,2.8432,4,2.89226,0.1111,17,2.80128,0.4722,15,2.87762,0.4167,Cubo,NO,,,Oh
cubo_Ag_05_Au_08_config_331,-12177.5087,-12177.62757,1,0.19541,8,5,-0.949262,-0.07302,-0.966554,-0.07435,16.35396,1.257997,36,2.83573,3,2.92156,0.0833,19,2.80095,0.5278,14,2.86454,0.3889,Cubo,NO,,,C2v
cubo_Ag_05_Au_08_config_332,-12177.3938,-12177.50761,1,0.1997,8,5,-0.834362,-0.064182,-0.846594,-0.065123,16.47392,1.267225,36,2.8395,3,2.88977,0.0833,19,2.82185,0.5278,14,2.85268,0.3889,Cubo,NO,,,Oh
cubo_Ag_05_Au_08_config_333,-12177.5173,-12177.64309,1,0.19871,8,5,-0.957862,-0.073682,-0.982074,-0.075544,16.33844,1.256803,36,2.8419,2,2.94951,0.0556,21,2.8224,0.5833,13,2.85684,0.3611,Cubo,Cs,0.0195,0.0139,Oh
cubo_Ag_05_Au_08_config_334,-12177.5379,-12177.66823,1,0.19544,8,5,-0.978462,-0.075266,-1.007214,-0.077478,16.3133,1.254869,36,2.83897,3,2.89897,0.0833,19,2.80037,0.5278,14,2.8785,0.3889,Cubo,NO,,,Oh
cubo_Ag_05_Au_08_config_335,-12176.9521,-12176.72168,1,0.15724,8,5,-0.392662,-0.030205,-0.060664,-0.004666,17.25985,1.327681,36,2.83343,2,2.84429,0.0556,21,2.80556,0.5833,13,2.87677,0.3611,Cubo,Cs,0.1963,0.0443,Oh
cubo_Ag_05_Au_08_config_336,-12177.492,-12177.60452,1,0.19201,8,5,-0.932562,-0.071736,-0.943504,-0.072577,16.37701,1.25977,36,2.83949,3,2.88219,0.0833,19,2.81587,0.5278,14,2.8624,0.3889,Cubo,Cs,0.0000,0.0002,Oh
cubo_Ag_05_Au_08_config_337,-12177.4079,-12177.57162,1,0.18317,8,5,-0.848462,-0.065266,-0.910604,-0.070046,16.40991,1.262301,36,2.84014,3,2.8903,0.0833,19,2.80883,0.5278,14,2.87188,0.3889,Cubo,NO,,,Oh
cubo_Ag_05_Au_08_config_338,-12177.3945,-12177.5542,0.99,0.15645,8,5,-0.835062,-0.064236,-0.893184,-0.068706,16.42733,1.263641,36,2.84172,2,2.93964,0.0556,21,2.82038,0.5833,13,2.86113,0.3611,Cubo,C2,8.1590,0.2856,Oh
cubo_Ag_05_Au_08_config_339,-12177.4276,-12177.59974,0.99,0.15223,8,5,-0.868162,-0.066782,-0.938724,-0.07221,16.38179,1.260138,36,2.84371,4,2.8755,0.1111,17,2.79775,0.4722,15,2.88733,0.4167,Cubo,C2,0.0007,0.0027,Oh
cubo_Ag_05_Au_08_config_340,-12177.3868,-12177.76212,1,0.19589,8,5,-0.827362,-0.063643,-1.101104,-0.0847,16.21941,1.247647,35,2.86129,4,2.9615,0.1143,19,2.85622,0.5429,12,2.83591,0.3429,Cubo,Cs,0.0006,0.0024,Cs
cubo_Ag_05_Au_08_config_341,-12177.6082,-12177.71606,1,0.19416,8,5,-1.048762,-0.080674,-1.055044,-0.081157,16.26547,1.25119,36,2.84084,2,2.97186,0.0556,21,2.81537,0.5833,13,2.86182,0.3611,Cubo,C2,0.0020,0.0044,Oh
cubo_Ag_05_Au_08_config_342,-12177.4673,-12177.57576,1,0.19455,8,5,-0.907862,-0.069836,-0.914744,-0.070365,16.40577,1.261982,36,2.84054,2,2.98698,0.0556,21,2.82238,0.5833,13,2.84734,0.3611,Cubo,C2v,0.0002,0.0013,Oh
cubo_Ag_06_Au_07_config_301,-12270.6739,-12270.82423,1,0.13008,7,6,-0.877454,-0.067496,-0.923455,-0.071035,16.346134,1.257395,36,2.83657,11,2.84603,0.3056,15,2.82643,0.4167,10,2.84138,0.2778,Cubo,Cs,0.0007,0.0027,Oh
cubo_Ag_06_Au_07_config_302,-12271.0052,-12271.15506,1,0.19344,7,6,-1.208754,-0.092981,-1.254285,-0.096483,16.015304,1.231946,36,2.83251,9,2.83862,0.25,19,2.82262,0.5278,8,2.8491,0.2222,Cubo,Cs,0.0190,0.0138,Oh
cubo_Ag_06_Au_07_config_303,-12270.6863,-12270.79496,1,0.19465,7,6,-0.889854,-0.06845,-0.894185,-0.068783,16.375404,1.259646,36,2.83515,11,2.84514,0.3056,15,2.83267,0.4167,10,2.82789,0.2778,Cubo,C2v,0.0000,0.0001,Oh
cubo_Ag_06_Au_07_config_304,-12270.7729,-12270.92343,0.99,0.17042,7,6,-0.976454,-0.075112,-1.022655,-0.078666,16.246934,1.249764,36,2.83535,10,2.83346,0.2778,17,2.83372,0.4722,9,2.84052,0.25,Cubo,NO,,,Oh
cubo_Ag_06_Au_07_config_305,-12270.8789,-12271.04282,0.99,0.16918,7,6,-1.082454,-0.083266,-1.142045,-0.08785,16.127544,1.24058,36,2.8337,10,2.82857,0.2778,17,2.83015,0.4722,9,2.84608,0.25,Cubo,NO,,,Oh
cubo_Ag_06_Au_07_config_306,-12270.9736,-12271.08956,1,0.18595,7,6,-1.177154,-0.09055,-1.188785,-0.091445,16.080804,1.236985,36,2.82994,10,2.81561,0.2778,17,2.83528,0.4722,9,2.83579,0.25,Cubo,Cs,0.0000,0.0001,Oh
cubo_Ag_06_Au_07_config_307,-12270.9918,-12271.13613,0.99,0.17113,7,6,-1.195354,-0.09195,-1.235355,-0.095027,16.034234,1.233403,36,2.83202,9,2.81852,0.25,19,2.83526,0.5278,8,2.83948,0.2222,Cubo,NO,,,Oh
cubo_Ag_06_Au_07_config_308,-12270.7194,-12270.80325,1,0.18473,7,6,-0.922954,-0.070996,-0.902475,-0.069421,16.367114,1.259009,36,2.82979,9,2.8207,0.25,19,2.83618,0.5278,8,2.82485,0.2222,Cubo,NO,,,Oh
cubo_Ag_06_Au_07_config_309,-12270.9335,-12271.08668,1,0.18967,7,6,-1.137054,-0.087466,-1.185905,-0.091223,16.083684,1.237206,36,2.83691,9,2.86842,0.25,19,2.81409,0.5278,8,2.85568,0.2222,Cubo,Cs,0.0417,0.0204,Oh
cubo_Ag_06_Au_07_config_310,-12270.9967,-12271.14888,1,0.14742,7,6,-1.200254,-0.092327,-1.248105,-0.096008,16.021484,1.232422,36,2.83439,8,2.85177,0.2222,21,2.82179,0.5833,7,2.85233,0.1944,Cubo,NO,,,Oh
cubo_Ag_06_Au_07_config_311,-12271.0931,-12271.23312,1,0.19085,7,6,-1.296654,-0.099743,-1.332345,-0.102488,15.937244,1.225942,36,2.8325,9,2.84562,0.25,19,2.81405,0.5278,8,2.86159,0.2222,Cubo,C2,0.0310,0.0176,Oh
cubo_Ag_06_Au_07_config_312,-12271.0011,-12271.19387,0.99,0.16578,7,6,-1.204654,-0.092666,-1.293095,-0.099469,15.976494,1.228961,36,2.83564,9,2.85173,0.25,19,2.80826,0.5278,8,2.88258,0.2222,Cubo,NO,,,Oh
cubo_Ag_06_Au_07_config_313,-12271.202,-12271.33006,1,0.18381,7,6,-1.405554,-0.10812,-1.429285,-0.109945,15.840304,1.218485,36,2.83073,8,2.83329,0.2222,21,2.82243,0.5833,7,2.8527,0.1944,Cubo,NO,,,Oh
cubo_Ag_06_Au_07_config_314,-12270.0899,-12269.77361,1,0.19183,7,6,-0.293454,-0.022573,0.127165,0.009782,17.396754,1.338212,36,2.82705,8,2.82295,0.2222,21,2.8225,0.5833,7,2.84539,0.1944,Cubo,NO,,,Oh
cubo_Ag_06_Au_07_config_315,-12271.2124,-12271.34211,1,0.18617,7,6,-1.415954,-0.10892,-1.441335,-0.110872,15.828254,1.217558,36,2.83407,7,2.84974,0.1944,23,2.82785,0.6389,6,2.83964,0.1667,Cubo,Cs,0.0098,0.0099,Oh
cubo_Ag_06_Au_07_config_316,-12271.2293,-12271.37143,1,0.18405,7,6,-1.432854,-0.11022,-1.470655,-0.113127,15.798934,1.215303,36,2.83132,8,2.83758,0.2222,21,2.81155,0.5833,7,2.88347,0.1944,Cubo,NO,,,Oh
cubo_Ag_06_Au_07_config_317,-12271.3194,-12271.40643,1,0.09663,7,6,-1.522954,-0.11715,-1.505655,-0.11582,15.763934,1.21261,36,2.83039,7,2.83646,0.1944,23,2.82701,0.6389,6,2.83624,0.1667,Cubo,Cs,0.0000,0.0003,Oh
cubo_Ag_06_Au_07_config_318,-12271.1862,-12271.31191,0.99,0.17793,7,6,-1.389754,-0.106904,-1.411135,-0.108549,15.858454,1.219881,36,2.8317,8,2.83407,0.2222,21,2.82323,0.5833,7,2.85444,0.1944,Cubo,Cs,0.0272,0.0165,Oh
cubo_Ag_06_Au_07_config_319,-12271.1019,-12271.27965,0.99,0.16981,7,6,-1.305454,-0.10042,-1.378875,-0.106067,15.890714,1.222363,36,2.83417,8,2.84714,0.2222,21,2.81681,0.5833,7,2.87143,0.1944,Cubo,NO,,,Oh
cubo_Ag_06_Au_07_config_320,-12271.1083,-12271.26976,0.99,0.15358,7,6,-1.311854,-0.100912,-1.368985,-0.105307,15.900604,1.223123,36,2.83256,7,2.82883,0.1944,23,2.83156,0.6389,6,2.84078,0.1667,Cubo,C2,2.4927,0.1579,Oh
cubo_Ag_06_Au_07_config_321,-12271.1077,-12271.31351,0.99,0.1506,7,6,-1.311254,-0.100866,-1.412735,-0.108672,15.856854,1.219758,36,2.83523,9,2.84526,0.25,19,2.7991,0.5278,8,2.90973,0.2222,Cubo,C2,0.9795,0.0990,Oh
cubo_Ag_06_Au_07_config_322,-12271.06,-12271.20974,0.99,0.16078,7,6,-1.263554,-0.097196,-1.308965,-0.10069,15.960624,1.22774,36,2.83059,9,2.81625,0.25,19,2.82687,0.5278,8,2.85556,0.2222,Cubo,Cs,0.0000,0.0001,Oh
cubo_Ag_06_Au_07_config_323,-12271.3076,-12271.4222,1,0.17994,7,6,-1.511154,-0.116243,-1.521425,-0.117033,15.748164,1.211397,36,2.83344,7,2.84903,0.1944,23,2.8258,0.6389,6,2.84453,0.1667,Cubo,C2,0.0031,0.0056,Oh
cubo_Ag_06_Au_07_config_324,-12271.1571,-12271.28043,1,0.19365,7,6,-1.360654,-0.104666,-1.379655,-0.106127,15.889934,1.222303,36,2.83344,7,2.85239,0.1944,23,2.83319,0.6389,6,2.81231,0.1667,Cubo,C2v,0.0002,0.0013,Oh
cubo_Ag_06_Au_07_config_325,-12270.1775,-12270.34521,1,0.19329,7,6,-0.381054,-0.029312,-0.444435,-0.034187,16.825154,1.294243,36,2.84529,8,2.8962,0.2222,14,2.79451,0.3889,14,2.86698,0.3889,Cubo,Cs,,,Oh
cubo_Ag_06_Au_07_config_326,-12270.2555,-12270.42111,0.99,0.16579,7,6,-0.459054,-0.035312,-0.520335,-0.040026,16.749254,1.288404,36,2.84494,8,2.85526,0.2222,14,2.82278,0.3889,14,2.86122,0.3889,Cubo,C2v,0.0000,0.0002,Oh
cubo_Ag_06_Au_07_config_327,-12270.4489,-12270.61852,1,0.19872,7,6,-0.652454,-0.050189,-0.717745,-0.055211,16.551844,1.273219,36,2.84463,7,2.89318,0.1944,16,2.7989,0.4444,13,2.87478,0.3611,Cubo,NO,,,Oh
cubo_Ag_06_Au_07_config_328,-12270.5488,-12270.70645,1,0.19907,7,6,-0.752354,-0.057873,-0.805675,-0.061975,16.463914,1.266455,36,2.84296,6,2.89053,0.1667,18,2.80848,0.5,12,2.87089,0.3333,Cubo,NO,,,Oh
cubo_Ag_06_Au_07_config_329,-12270.5906,-12270.72358,1,0.15792,7,6,-0.794154,-0.061089,-0.822805,-0.063293,16.446784,1.265137,36,2.84143,5,2.91868,0.1389,20,2.80493,0.5556,11,2.87268,0.3056,Cubo,Cs,0.0000,0.0001,Oh
cubo_Ag_06_Au_07_config_330,-12270.7937,-12270.89652,1,0.15795,7,6,-0.997254,-0.076712,-0.995745,-0.076596,16.273844,1.251834,36,2.83961,4,2.91048,0.1111,22,2.81709,0.6111,10,2.8608,0.2778,Cubo,C2v,0.0000,0.0003,Oh
cubo_Ag_06_Au_07_config_331,-12270.4233,-12270.55179,1,0.20317,7,6,-0.626854,-0.04822,-0.651015,-0.050078,16.618574,1.278352,36,2.84039,7,2.86134,0.1944,16,2.81679,0.4444,13,2.85817,0.3611,Cubo,NO,,,Oh
cubo_Ag_06_Au_07_config_332,-12270.5015,-12270.61187,1,0.17026,7,6,-0.705054,-0.054235,-0.711095,-0.0547,16.558494,1.27373,36,2.84112,6,2.89276,0.1667,18,2.8141,0.5,12,2.85584,0.3333,Cubo,C2v,0.0162,0.0127,Oh
cubo_Ag_06_Au_07_config_333,-12270.5276,-12270.66788,1,0.19587,7,6,-0.731154,-0.056243,-0.767105,-0.059008,16.502484,1.269422,36,2.8412,6,2.86958,0.1667,18,2.81699,0.5,12,2.86331,0.3333,Cubo,NO,,,Oh
cubo_Ag_06_Au_07_config_334,-12270.3504,-12270.5175,1,0.13124,7,6,-0.553954,-0.042612,-0.616725,-0.04744,16.652864,1.28099,36,2.84403,6,2.90111,0.1667,18,2.81313,0.5,12,2.86185,0.3333,Cubo,NO,0.4691,0.0685,Oh
cubo_Ag_06_Au_07_config_335,-12270.4654,-12270.64669,0.99,0.16918,7,6,-0.668954,-0.051458,-0.745915,-0.057378,16.523674,1.271052,36,2.84044,6,2.85568,0.1667,18,2.81071,0.5,12,2.87741,0.3333,Cubo,NO,,,Oh
cubo_Ag_06_Au_07_config_336,-12270.6453,-12270.79158,1,0.19879,7,6,-0.848854,-0.065296,-0.890805,-0.068523,16.378784,1.259906,36,2.8409,5,2.88684,0.1389,20,2.81508,0.5556,11,2.86696,0.3056,Cubo,NO,,,Oh
cubo_Ag_06_Au_07_config_337,-12270.6626,-12270.8013,1,0.19005,7,6,-0.866154,-0.066627,-0.900525,-0.069271,16.369064,1.259159,36,2.83861,6,2.85732,0.1667,18,2.80702,0.5,12,2.87664,0.3333,Cubo,NO,,,Oh
cubo_Ag_06_Au_07_config_338,-12270.5744,-12270.74801,0.99,0.17365,7,6,-0.777954,-0.059843,-0.847235,-0.065172,16.422354,1.263258,36,2.83999,6,2.8338,0.1667,18,2.81498,0.5,12,2.88059,0.3333,Cubo,NO,,,Oh
cubo_Ag_06_Au_07_config_339,-12270.6529,-12270.78523,1,0.20338,7,6,-0.856454,-0.065881,-0.884455,-0.068035,16.385134,1.260395,36,2.83774,6,2.84578,0.1667,18,2.81284,0.5,12,2.87107,0.3333,Cubo,NO,,,Oh
cubo_Ag_06_Au_07_config_340,-12270.7497,-12270.8411,1,0.17301,7,6,-0.953254,-0.073327,-0.940325,-0.072333,16.329264,1.256097,36,2.83768,5,2.86094,0.1389,20,2.81792,0.5556,11,2.86305,0.3056,Cubo,Cs,0.0000,0.0002,Oh
cubo_Ag_06_Au_07_config_341,-12270.7577,-12270.88145,1,0.20007,7,6,-0.961254,-0.073943,-0.980675,-0.075437,16.288914,1.252993,36,2.83807,5,2.85588,0.1389,20,2.81368,0.5556,11,2.87433,0.3056,Cubo,NO,,,Oh
cubo_Ag_06_Au_07_config_342,-12270.6085,-12270.74859,1,0.19251,7,6,-0.812054,-0.062466,-0.847815,-0.065217,16.421774,1.263213,36,2.84345,4,2.92373,0.1111,22,2.82481,0.6111,10,2.85235,0.2778,Cubo,Cs,0.0066,0.0081,Oh
cubo_Ag_06_Au_07_config_343,-12270.6198,-12270.77975,1,0.19786,7,6,-0.823354,-0.063335,-0.878975,-0.067613,16.390614,1.260816,36,2.83939,5,2.90085,0.1389,20,2.80642,0.5556,11,2.87139,0.3056,Cubo,NO,,,Oh
cubo_Ag_06_Au_07_config_344,-12270.5156,-12270.68739,1,0.187,7,6,-0.719154,-0.05532,-0.786615,-0.060509,16.482974,1.267921,36,2.84514,6,2.89962,0.1667,18,2.80725,0.5,12,2.87474,0.3333,Cubo,C2v,0.0252,0.0159,Oh
cubo_Ag_06_Au_07_config_345,-12270.7447,-12270.89004,1,0.19393,7,6,-0.948254,-0.072943,-0.989265,-0.076097,16.280324,1.252333,36,2.84052,4,2.90058,0.1111,22,2.81729,0.6111,10,2.86761,0.2778,Cubo,NO,,,Oh
cubo_Ag_06_Au_07_config_346,-12270.7457,-12270.87057,1,0.19773,7,6,-0.949254,-0.07302,-0.969795,-0.0746,16.299794,1.25383,36,2.83851,4,2.90007,0.1111,22,2.81817,0.6111,10,2.85864,0.2778,Cubo,NO,,,Oh
cubo_Ag_06_Au_07_config_347,-12270.8683,-12270.96739,1,0.19529,7,6,-1.071854,-0.08245,-1.066615,-0.082047,16.202974,1.246383,36,2.83699,4,2.89805,0.1111,22,2.8114,0.6111,10,2.86887,0.2778,Cubo,C2,0.0000,0.0001,Oh
cubo_Ag_06_Au_07_config_348,-12270.7599,-12270.90284,1,0.18364,7,6,-0.963454,-0.074112,-1.002065,-0.077082,16.267524,1.251348,36,2.84038,5,2.86452,0.1389,20,2.81041,0.5556,11,2.8839,0.3056,Cubo,NO,,,Oh
cubo_Ag_06_Au_07_config_349,-12270.6864,-12270.81774,1,0.15061,7,6,-0.889954,-0.068458,-0.916965,-0.070536,16.352624,1.257894,36,2.84209,4,2.9017,0.1111,22,2.81692,0.6111,10,2.87363,0.2778,Cubo,C2,0.0000,0.0002,Oh
cubo_Ag_06_Au_07_config_350,-12270.7416,-12270.81934,1,0.13357,7,6,-0.945154,-0.072704,-0.918565,-0.070659,16.351024,1.257771,36,2.83487,4,2.87762,0.1111,22,2.82145,0.6111,10,2.84731,0.2778,Cubo,C2v,0.0000,0.0004,Oh
cubo_Ag_06_Au_07_config_351,-12270.9012,-12271.00368,1,0.19085,7,6,-1.104754,-0.084981,-1.102905,-0.084839,16.166684,1.243591,36,2.84157,4,2.92554,0.1111,22,2.80235,0.6111,10,2.89427,0.2778,Cubo,C2h,0.0000,0.0003,Oh
cubo_Ag_06_Au_07_config_352,-12270.6693,-12270.83759,0.99,0.15286,7,6,-0.872854,-0.067143,-0.936815,-0.072063,16.332774,1.256367,36,2.84557,4,2.91704,0.1111,22,2.81316,0.6111,10,2.88829,0.2778,Cubo,D2,0.0000,0.0002,Oh
cubo_Ag_06_Au_07_config_353,-12270.7326,-12270.88482,0.98,0.14021,7,6,-0.936154,-0.072012,-0.984045,-0.075696,16.285544,1.252734,36,2.84486,6,2.85094,0.1667,18,2.80319,0.5,12,2.90431,0.3333,Cubo,D3d,0.0000,0.0000,Oh
cubo_Ag_06_Au_07_config_354,-12270.6405,-12270.702,1,0.10321,7,6,-0.844054,-0.064927,-0.801225,-0.061633,16.468364,1.266797,36,2.83119,6,2.85601,0.1667,18,2.79381,0.5,12,2.87485,0.3333,Cubo,D3d,0.0000,0.0000,Oh
cubo_Ag_07_Au_06_config_301,-12363.4863,-12363.63361,1,0.20139,6,7,-0.452846,-0.034834,-0.493075,-0.037929,16.725588,1.286584,36,2.844,10,2.87104,0.2778,15,2.8058,0.4167,11,2.8715,0.3056,Cubo,Cs,0.0032,0.0057,Oh
cubo_Ag_07_Au_06_config_302,-12363.7901,-12363.89207,1,0.1978,6,7,-0.756646,-0.058204,-0.751535,-0.05781,16.467128,1.266702,36,2.83832,8,2.84474,0.2222,19,2.82859,0.5278,9,2.85316,0.25,Cubo,Cs,,,Oh
cubo_Ag_07_Au_06_config_303,-12363.4853,-12363.67884,1,0.20123,6,7,-0.451846,-0.034757,-0.538305,-0.041408,16.680358,1.283104,36,2.84068,10,2.87654,0.2778,15,2.78627,0.4167,11,2.88227,0.3056,Cubo,C2v,0.0055,0.0074,Oh
cubo_Ag_07_Au_06_config_304,-12363.5982,-12363.76663,1,0.20068,6,7,-0.564746,-0.043442,-0.626095,-0.048161,16.592568,1.276351,36,2.84475,9,2.89092,0.25,17,2.80032,0.4722,10,2.87875,0.2778,Cubo,NO,,,Oh
cubo_Ag_07_Au_06_config_305,-12363.7143,-12363.8786,1,0.19616,6,7,-0.680846,-0.052373,-0.738065,-0.056774,16.480598,1.267738,36,2.84071,9,2.85451,0.25,17,2.80824,0.4722,10,2.88348,0.2778,Cubo,NO,,,Oh
cubo_Ag_07_Au_06_config_306,-12363.6247,-12363.75785,1,0.11958,6,7,-0.591246,-0.04548,-0.617315,-0.047486,16.601348,1.277027,36,2.84076,9,2.87446,0.25,17,2.80179,0.4722,10,2.87669,0.2778,Cubo,Cs,0.0006,0.0024,Oh
cubo_Ag_07_Au_06_config_307,-12363.8064,-12363.9622,1,0.19206,6,7,-0.772946,-0.059457,-0.821665,-0.063205,16.396998,1.261308,36,2.83956,8,2.85014,0.2222,19,2.81679,0.5278,9,2.87822,0.25,Cubo,NO,,,Oh
cubo_Ag_07_Au_06_config_308,-12363.743,-12363.90253,0.99,0.17733,6,7,-0.709546,-0.05458,-0.761995,-0.058615,16.456668,1.265898,36,2.84263,8,2.87252,0.2222,19,2.81035,0.5278,9,2.88422,0.25,Cubo,NO,,,Oh
cubo_Ag_07_Au_06_config_309,-12362.3058,-12365.03455,1,0.19131,6,7,0.727654,0.055973,-1.894015,-0.145693,15.324648,1.178819,34,2.81696,8,2.83076,0.2353,21,2.81127,0.6176,5,2.81875,0.1471,Cubo,NO,,,C2
cubo_Ag_07_Au_06_config_310,-12363.6236,-12363.94652,1,0.20002,6,7,-0.590146,-0.045396,-0.805985,-0.061999,16.412678,1.262514,36,2.84137,7,2.88439,0.1944,21,2.81486,0.5833,8,2.87331,0.2222,Cubo,NO,,,Oh
cubo_Ag_07_Au_06_config_311,-12363.7225,-12363.83881,1,0.08347,6,7,-0.689046,-0.053004,-0.698275,-0.053713,16.520388,1.270799,36,2.84073,8,2.86824,0.2222,19,2.81397,0.5278,9,2.87278,0.25,Cubo,C2,0.0073,0.0086,Oh
cubo_Ag_07_Au_06_config_312,-12363.8043,-12363.93764,1,0.19839,6,7,-0.770846,-0.059296,-0.797105,-0.061316,16.421558,1.263197,36,2.83824,8,2.85296,0.2222,19,2.81631,0.5278,9,2.87143,0.25,Cubo,NO,,,Oh
cubo_Ag_07_Au_06_config_313,-12363.8254,-12363.97666,1,0.19075,6,7,-0.791946,-0.060919,-0.836125,-0.064317,16.382538,1.260195,36,2.84273,7,2.87213,0.1944,21,2.81601,0.5833,8,2.88715,0.2222,Cubo,NO,,,Oh
cubo_Ag_07_Au_06_config_314,-12363.934,-12364.06181,1,0.19736,6,7,-0.900546,-0.069273,-0.921275,-0.070867,16.297388,1.253645,36,2.84075,7,2.88536,0.1944,21,2.81068,0.5833,8,2.88065,0.2222,Cubo,NO,,,Oh
cubo_Ag_07_Au_06_config_315,-12364.0011,-12364.11325,1,0.19642,6,7,-0.967646,-0.074434,-0.972715,-0.074824,16.245948,1.249688,36,2.83661,6,2.88405,0.1667,23,2.81354,0.6389,7,2.87175,0.1944,Cubo,Cs,0.0000,0.0002,Oh
cubo_Ag_07_Au_06_config_316,-12364.0349,-12364.15039,1,0.19364,6,7,-1.001446,-0.077034,-1.009855,-0.077681,16.208808,1.246831,36,2.83892,7,2.85879,0.1944,21,2.8113,0.5833,8,2.89405,0.2222,Cubo,NO,,,Oh
cubo_Ag_07_Au_06_config_317,-12363.9529,-12364.06405,1,0.19668,6,7,-0.919446,-0.070727,-0.923515,-0.07104,16.295148,1.253473,36,2.83943,6,2.89012,0.1667,23,2.81654,0.6389,7,2.8712,0.1944,Cubo,Cs,0.0000,0.0002,Oh
cubo_Ag_07_Au_06_config_318,-12363.8338,-12363.95655,1,0.1396,6,7,-0.800346,-0.061565,-0.816015,-0.06277,16.402648,1.261742,36,2.84186,7,2.88994,0.1944,21,2.81438,0.5833,8,2.87192,0.2222,Cubo,Cs,0.0000,0.0001,Oh
cubo_Ag_07_Au_06_config_319,-12363.9032,-12364.06325,1,0.18761,6,7,-0.869746,-0.066904,-0.922715,-0.070978,16.295948,1.253534,36,2.84058,7,2.8627,0.1944,21,2.81131,0.5833,8,2.89807,0.2222,Cubo,NO,,,Oh
cubo_Ag_07_Au_06_config_320,-12363.8949,-12364.01805,1,0.20269,6,7,-0.861446,-0.066265,-0.877515,-0.067501,16.341148,1.257011,36,2.83934,6,2.89985,0.1667,23,2.81594,0.6389,7,2.86438,0.1944,Cubo,C2,0.0036,0.0060,Oh
cubo_Ag_07_Au_06_config_321,-12363.9094,-12365.47842,0.99,0.16289,6,7,-0.875946,-0.06738,-2.337885,-0.179837,14.880778,1.144675,37,2.84267,11,2.8785,0.2973,21,2.82656,0.5676,5,2.83152,0.1351,Cubo,NO,,,C2
cubo_Ag_07_Au_06_config_322,-12363.9252,-12364.07492,0.99,0.17194,6,7,-0.891746,-0.068596,-0.934385,-0.071876,16.284278,1.252637,36,2.84161,8,2.83757,0.2222,19,2.82043,0.5278,9,2.88993,0.25,Cubo,Cs,0.0000,0.0001,Oh
cubo_Ag_07_Au_06_config_323,-12363.9077,-12364.03164,1,0.12337,6,7,-0.874246,-0.06725,-0.891105,-0.068547,16.327558,1.255966,36,2.83732,6,2.85469,0.1667,23,2.82109,0.6389,7,2.87576,0.1944,Cubo,C2,0.0006,0.0025,Oh
cubo_Ag_07_Au_06_config_324,-12363.8595,-12364.01663,1,0.20519,6,7,-0.826046,-0.063542,-0.876095,-0.067392,16.342568,1.257121,36,2.84305,6,2.91523,0.1667,23,2.81387,0.6389,7,2.87704,0.1944,Cubo,C2v,0.6877,0.0829,Oh
cubo_Ag_07_Au_06_config_325,-12363.8133,-12363.98049,1,0.19179,6,7,-0.779846,-0.059988,-0.839955,-0.064612,16.378708,1.259901,36,2.83478,14,2.84782,0.3889,14,2.80905,0.3889,8,2.85699,0.2222,Cubo,Cs,3.1508,0.1775,Oh
cubo_Ag_07_Au_06_config_326,-12363.8964,-12364.05985,0.99,0.16514,6,7,-0.862946,-0.06638,-0.919315,-0.070717,16.299348,1.253796,36,2.83839,14,2.83692,0.3889,14,2.83696,0.3889,8,2.84347,0.2222,Cubo,C2v,0.0000,0.0002,Oh
cubo_Ag_07_Au_06_config_327,-12364.0702,-12364.19797,1,0.18786,6,7,-1.036746,-0.07975,-1.057435,-0.081341,16.161228,1.243171,36,2.83135,13,2.82078,0.3611,16,2.84312,0.4444,7,2.82409,0.1944,Cubo,NO,,,Oh
cubo_Ag_07_Au_06_config_328,-12364.1808,-12364.31578,1,0.18555,6,7,-1.147346,-0.088257,-1.175245,-0.090403,16.043418,1.234109,36,2.83265,12,2.8311,0.3333,18,2.83148,0.5,6,2.83926,0.1667,Cubo,NO,,,Oh
cubo_Ag_07_Au_06_config_329,-12364.4116,-12364.50798,1,0.18287,6,7,-1.378146,-0.106011,-1.367445,-0.105188,15.851218,1.219324,36,2.83285,11,2.82849,0.3056,20,2.8369,0.5556,5,2.82624,0.1389,Cubo,Cs,0.0000,0.0003,Oh
cubo_Ag_07_Au_06_config_330,-12364.4066,-12364.489,1,0.14658,6,7,-1.373146,-0.105627,-1.348465,-0.103728,15.870198,1.220784,36,2.82645,10,2.8192,0.2778,22,2.83262,0.6111,4,2.81061,0.1111,Cubo,C2v,0.0000,0.0001,Oh
cubo_Ag_07_Au_06_config_331,-12364.0962,-12364.25751,1,0.18757,6,7,-1.062746,-0.08175,-1.116975,-0.085921,16.101688,1.238591,36,2.83506,13,2.84434,0.3611,16,2.8176,0.4444,7,2.85771,0.1944,Cubo,NO,,,Oh
cubo_Ag_07_Au_06_config_332,-12364.166,-12364.3511,1,0.18834,6,7,-1.132546,-0.087119,-1.210565,-0.09312,16.008098,1.231392,36,2.83874,12,2.86845,0.3333,18,2.79963,0.5,6,2.89665,0.1667,Cubo,C2v,0.0000,0.0001,Oh
cubo_Ag_07_Au_06_config_333,-12364.2015,-12364.34978,1,0.18738,6,7,-1.168046,-0.08985,-1.209245,-0.093019,16.009418,1.231494,36,2.83462,12,2.83877,0.3333,18,2.82945,0.5,6,2.84186,0.1667,Cubo,NO,,,Oh
cubo_Ag_07_Au_06_config_334,-12363.9993,-12364.11817,1,0.00174,6,7,-0.965846,-0.074296,-0.977635,-0.075203,16.241028,1.24931,36,2.83497,12,2.84798,0.3333,18,2.82931,0.5,6,2.82591,0.1667,Cubo,C3,0.0001,0.0009,Oh
cubo_Ag_07_Au_06_config_335,-12364.1063,-12364.30534,0.99,0.16751,6,7,-1.072846,-0.082527,-1.164805,-0.0896,16.053858,1.234912,36,2.83482,12,2.83496,0.3333,18,2.82146,0.5,6,2.87459,0.1667,Cubo,NO,,,Oh
cubo_Ag_07_Au_06_config_336,-12364.2973,-12364.44572,1,0.18662,6,7,-1.263846,-0.097219,-1.305185,-0.100399,15.913478,1.224114,36,2.83261,11,2.84726,0.3056,20,2.81526,0.5556,5,2.86978,0.1389,Cubo,NO,,,Oh
cubo_Ag_07_Au_06_config_337,-12364.3061,-12364.44456,1,0.19118,6,7,-1.272646,-0.097896,-1.304025,-0.10031,15.914638,1.224203,36,2.83014,12,2.82148,0.3333,18,2.82337,0.5,6,2.86775,0.1667,Cubo,NO,,,Oh
cubo_Ag_07_Au_06_config_338,-12364.2215,-12364.42133,0.99,0.16855,6,7,-1.188046,-0.091388,-1.280795,-0.098523,15.937868,1.22599,36,2.83522,12,2.83269,0.3333,18,2.81853,0.5,6,2.89036,0.1667,Cubo,NO,,,Oh
cubo_Ag_07_Au_06_config_339,-12364.3143,-12364.46119,0.99,0.17932,6,7,-1.280846,-0.098527,-1.320655,-0.101589,15.898008,1.222924,36,2.83394,12,2.83399,0.3333,18,2.82267,0.5,6,2.86763,0.1667,Cubo,NO,,,Oh
cubo_Ag_07_Au_06_config_340,-12364.243,-12364.38382,1,0.17049,6,7,-1.209546,-0.093042,-1.243285,-0.095637,15.975378,1.228875,36,2.83516,11,2.86358,0.3056,20,2.80963,0.5556,5,2.87477,0.1389,Cubo,Cs,0.0000,0.0002,Oh
cubo_Ag_07_Au_06_config_341,-12364.4114,-12364.57803,0.99,0.17162,6,7,-1.377946,-0.105996,-1.437495,-0.110577,15.781168,1.213936,36,2.8337,11,2.84546,0.3056,20,2.80682,0.5556,5,2.91533,0.1389,Cubo,NO,,,Oh
cubo_Ag_07_Au_06_config_342,-12364.2624,-12364.41523,1,0.19212,6,7,-1.228946,-0.094534,-1.274695,-0.098053,15.943968,1.226459,36,2.83699,10,2.86407,0.2778,22,2.82588,0.6111,4,2.83034,0.1111,Cubo,Cs,0.0155,0.0125,Oh
cubo_Ag_07_Au_06_config_343,-12364.2922,-12364.45446,1,0.18629,6,7,-1.258746,-0.096827,-1.313925,-0.101071,15.904738,1.223441,36,2.83327,11,2.83374,0.3056,20,2.83234,0.5556,5,2.83596,0.1389,Cubo,NO,,,Oh
cubo_Ag_07_Au_06_config_344,-12364.1414,-12364.2549,1,0.16803,6,7,-1.107946,-0.085227,-1.114365,-0.08572,16.104298,1.238792,36,2.83409,12,2.84167,0.3333,18,2.83525,0.5,6,2.81542,0.1667,Cubo,C2v,0.0049,0.0070,Oh
cubo_Ag_07_Au_06_config_345,-12364.4053,-12364.54285,1,0.18548,6,7,-1.371846,-0.105527,-1.402315,-0.10787,15.816348,1.216642,36,2.8315,10,2.84313,0.2778,22,2.82539,0.6111,4,2.83596,0.1111,Cubo,NO,,,Oh
cubo_Ag_07_Au_06_config_346,-12364.4062,-12364.56701,0.99,0.17941,6,7,-1.372746,-0.105596,-1.426475,-0.109729,15.792188,1.214784,36,2.83301,10,2.84577,0.2778,22,2.8224,0.6111,4,2.85949,0.1111,Cubo,NO,,,Oh
cubo_Ag_07_Au_06_config_347,-12364.3413,-12364.48934,1,0.1522,6,7,-1.307846,-0.100604,-1.348805,-0.103754,15.869858,1.220758,36,2.83533,10,2.85777,0.2778,22,2.81505,0.6111,4,2.89079,0.1111,Cubo,C2,0.0000,0.0001,Oh
cubo_Ag_07_Au_06_config_348,-12364.4148,-12364.54682,1,0.18434,6,7,-1.381346,-0.106257,-1.406285,-0.108176,15.812378,1.216337,36,2.83066,11,2.82448,0.3056,20,2.8264,0.5556,5,2.86129,0.1389,Cubo,NO,,,Oh
cubo_Ag_07_Au_06_config_349,-12364.5353,-12364.64756,1,0.1812,6,7,-1.501846,-0.115527,-1.507025,-0.115925,15.711638,1.208588,36,2.83313,10,2.85031,0.2778,22,2.81812,0.6111,4,2.87277,0.1111,Cubo,C2,0.0000,0.0002,Oh
cubo_Ag_07_Au_06_config_350,-12364.454,-12364.56279,1,0.18552,6,7,-1.420546,-0.109273,-1.422255,-0.109404,15.796408,1.215108,36,2.83241,10,2.84888,0.2778,22,2.82334,0.6111,4,2.84113,0.1111,Cubo,C2v,0.0000,0.0007,Oh
cubo_Ag_07_Au_06_config_351,-12364.5643,-12364.67369,1,0.18093,6,7,-1.530846,-0.117757,-1.533155,-0.117935,15.685508,1.206578,36,2.83103,10,2.84759,0.2778,22,2.80747,0.6111,4,2.91916,0.1111,Cubo,C2h,0.0000,0.0001,Oh
cubo_Ag_07_Au_06_config_352,-12364.3342,-12364.51451,0.99,0.15048,6,7,-1.300746,-0.100057,-1.373975,-0.10569,15.844688,1.218822,36,2.83946,10,2.86723,0.2778,22,2.81194,0.6111,4,2.92137,0.1111,Cubo,D2,0.0083,0.0091,Oh
cubo_Ag_07_Au_06_config_353,-12364.2723,-12364.33672,0.99,0.09729,6,7,-1.238846,-0.095296,-1.196185,-0.092014,16.022478,1.232498,36,2.82364,12,2.82065,0.3333,18,2.81419,0.5,6,2.85797,0.1667,Cubo,D3d,0.0000,0.0000,Oh
cubo_Ag_07_Au_06_config_354,-12364.379,-12364.56452,0.98,0.13787,6,7,-1.345546,-0.103504,-1.423985,-0.109537,15.794678,1.214975,36,2.84134,12,2.86206,0.3333,18,2.78668,0.5,6,2.96388,0.1667,Cubo,D3d,0.0000,0.0000,Oh
cubo_Ag_08_Au_05_config_301,-12456.7463,-12456.8802,1,0.20092,5,8,-0.475838,-0.036603,-0.499906,-0.038454,16.667832,1.282141,36,2.8385,12,2.84922,0.3333,16,2.81537,0.4444,8,2.86868,0.2222,Cubo,C4v,0.0248,0.0157,Oh
cubo_Ag_08_Au_05_config_302,-12456.702,-12456.8802,1,0.18071,5,8,-0.431538,-0.033195,-0.499906,-0.038454,16.667832,1.282141,36,2.84298,12,2.86822,0.3333,16,2.79546,0.4444,8,2.90014,0.2222,Cubo,NO,,,Oh
cubo_Ag_08_Au_05_config_303,-12456.7893,-12456.94245,1,0.15431,5,8,-0.518838,-0.039911,-0.562156,-0.043243,16.605582,1.277352,36,2.84231,11,2.86669,0.3056,18,2.80866,0.5,7,2.89052,0.1944,Cubo,NO,,,Oh
cubo_Ag_08_Au_05_config_304,-12456.9877,-12457.12954,1,0.19937,5,8,-0.717238,-0.055172,-0.749246,-0.057634,16.418492,1.262961,36,2.84076,10,2.87305,0.2778,20,2.8108,0.5556,6,2.8868,0.1667,Cubo,Cs,0.0000,0.0002,Oh
cubo_Ag_08_Au_05_config_305,-12456.9998,-12458.21193,1,0.19808,5,8,-0.729338,-0.056103,-1.831636,-0.140895,15.336102,1.1797,35,2.82535,12,2.8438,0.3429,19,2.80122,0.5429,4,2.88467,0.1143,Cubo,NO,,,NO
cubo_Ag_08_Au_05_config_306,-12457.0818,-12457.19266,1,0.19927,5,8,-0.811338,-0.062411,-0.812366,-0.06249,16.355372,1.258106,36,2.83636,10,2.84679,0.2778,20,2.81666,0.5556,6,2.88464,0.1667,Cubo,Cs,0.0000,0.0002,Oh
cubo_Ag_08_Au_05_config_307,-12456.9019,-12457.05971,1,0.18821,5,8,-0.631438,-0.048572,-0.679416,-0.052263,16.488322,1.268332,36,2.84131,10,2.86918,0.2778,20,2.8113,0.5556,6,2.89488,0.1667,Cubo,NO,,,Oh
cubo_Ag_08_Au_05_config_308,-12456.899,-12457.00997,1,0.07792,5,8,-0.628538,-0.048349,-0.629676,-0.048437,16.538062,1.272159,36,2.83763,11,2.85002,0.3056,18,2.80959,0.5,7,2.89026,0.1944,Cubo,Cs,0.0000,0.0001,Oh
cubo_Ag_08_Au_05_config_309,-12457.0029,-12457.1555,1,0.18947,5,8,-0.732438,-0.056341,-0.775206,-0.059631,16.392532,1.260964,36,2.83843,10,2.83498,0.2778,20,2.82132,0.5556,6,2.90121,0.1667,Cubo,C2,0.0000,0.0004,Oh
cubo_Ag_08_Au_05_config_310,-12456.9339,-12457.09045,0.99,0.17611,5,8,-0.663438,-0.051034,-0.710156,-0.054627,16.457582,1.265968,36,2.83659,11,2.83524,0.3056,18,2.81088,0.5,7,2.90481,0.1944,Cubo,Cs,0.0000,0.0001,Oh
cubo_Ag_08_Au_05_config_311,-12456.9734,-12457.13564,1,0.17962,5,8,-0.702938,-0.054072,-0.755346,-0.058104,16.412392,1.262492,36,2.83987,9,2.85907,0.25,22,2.82536,0.6111,5,2.86916,0.1389,Cubo,NO,,,Oh
cubo_Ag_08_Au_05_config_312,-12456.9922,-12457.14282,0.99,0.16606,5,8,-0.721738,-0.055518,-0.762526,-0.058656,16.405212,1.261939,36,2.83861,10,2.8349,0.2778,20,2.8216,0.5556,6,2.90152,0.1667,Cubo,C2,0.0000,0.0002,Oh
cubo_Ag_08_Au_05_config_313,-12457.1071,-12457.24084,1,0.19662,5,8,-0.836638,-0.064357,-0.860546,-0.066196,16.307192,1.254399,36,2.83969,10,2.85629,0.2778,20,2.81116,0.5556,6,2.90711,0.1667,Cubo,C2,0.0000,0.0001,Oh
cubo_Ag_08_Au_05_config_314,-12457.0984,-12457.2288,1,0.19728,5,8,-0.827938,-0.063688,-0.848506,-0.06527,16.319232,1.255326,36,2.83825,9,2.85856,0.25,22,2.8207,0.6111,5,2.87886,0.1389,Cubo,NO,,,Oh
cubo_Ag_08_Au_05_config_315,-12456.9957,-12457.13124,1,0.20218,5,8,-0.725238,-0.055788,-0.750946,-0.057765,16.416792,1.26283,36,2.83776,10,2.87347,0.2778,20,2.80169,0.5556,6,2.89848,0.1667,Cubo,C2v,0.0000,0.0001,Oh
cubo_Ag_08_Au_05_config_316,-12457.2038,-12457.29412,1,0.19838,5,8,-0.933338,-0.071795,-0.913826,-0.070294,16.253912,1.250301,36,2.83199,10,2.82485,0.2778,20,2.81594,0.5556,6,2.89741,0.1667,Cubo,C2h,0.0000,0.0000,Oh
cubo_Ag_08_Au_05_config_317,-12457.1531,-12457.23776,1,0.19811,5,8,-0.882638,-0.067895,-0.857466,-0.065959,16.310272,1.254636,36,2.83098,8,2.86025,0.2222,24,2.81466,0.6667,4,2.8704,0.1111,Cubo,D2d,0.0000,0.0001,Oh
cubo_Ag_08_Au_05_config_318,-12457.0107,-12457.61571,0.99,0.15858,5,8,-0.740238,-0.056941,-1.235416,-0.095032,15.932322,1.225563,33,2.84193,9,3.04249,0.2727,24,2.76672,0.7273,0,0,0,Cubo,C2v,0.7103,0.0843,D4h
cubo_Ag_08_Au_05_config_319,-12457.0947,-12457.23367,1,0.19214,5,8,-0.824238,-0.063403,-0.853376,-0.065644,16.314362,1.254951,36,2.8342,17,2.8321,0.4722,13,2.83556,0.3611,6,2.83722,0.1667,Cubo,Cs,0.0452,0.0213,Oh
cubo_Ag_08_Au_05_config_320,-12457.4128,-12457.51604,1,0.18534,5,8,-1.142338,-0.087872,-1.135746,-0.087365,16.031992,1.23323,36,2.83108,15,2.82234,0.4167,17,2.84467,0.4722,4,2.80604,0.1111,Cubo,Cs,0.0000,0.0001,Oh
cubo_Ag_08_Au_05_config_321,-12453.9068,-12457.94283,1,0.18397,5,8,2.363662,0.18182,-1.562536,-0.120195,15.605202,1.2004,33,2.81142,14,2.83479,0.4242,16,2.79978,0.4848,3,2.76442,0.0909,Cubo,NO,,,NO
cubo_Ag_08_Au_05_config_322,-12457.2097,-12457.37305,1,0.18787,5,8,-0.939238,-0.072249,-0.992756,-0.076366,16.174982,1.244229,36,2.83588,16,2.8457,0.4444,15,2.81841,0.4167,5,2.85689,0.1389,Cubo,NO,,,Oh
cubo_Ag_08_Au_05_config_323,-12457.1026,-12457.4821,1,0.18438,5,8,-0.832138,-0.064011,-1.101806,-0.084754,16.065932,1.235841,36,2.83334,16,2.82963,0.4444,15,2.82497,0.4167,5,2.87033,0.1389,Cubo,NO,,,Oh
cubo_Ag_08_Au_05_config_324,-12457.2352,-12457.36571,1,0.13203,5,8,-0.964738,-0.074211,-0.985416,-0.075801,16.182322,1.244794,36,2.8346,16,2.845,0.4444,15,2.80976,0.4167,5,2.87581,0.1389,Cubo,Cs,0.0350,0.0187,Oh
cubo_Ag_08_Au_05_config_325,-12457.4248,-12457.58932,1,0.18279,5,8,-1.154338,-0.088795,-1.209026,-0.093002,15.958712,1.227593,36,2.83354,15,2.83591,0.4167,17,2.81767,0.4722,4,2.89206,0.1111,Cubo,NO,,,Oh
cubo_Ag_08_Au_05_config_326,-12457.3582,-12457.52027,0.99,0.17802,5,8,-1.087738,-0.083672,-1.139976,-0.08769,16.027762,1.232905,36,2.83405,15,2.84337,0.4167,17,2.81219,0.4722,4,2.89195,0.1111,Cubo,NO,,,Oh
cubo_Ag_08_Au_05_config_327,-12457.3001,-12457.45639,1,0.19078,5,8,-1.029638,-0.079203,-1.076096,-0.082777,16.091642,1.237819,36,2.83541,15,2.83727,0.4167,17,2.83695,0.4722,4,2.82193,0.1111,Cubo,Cs,2.2305,0.1493,Oh
cubo_Ag_08_Au_05_config_328,-12457.4188,-12457.58161,1,0.18716,5,8,-1.148338,-0.088334,-1.201316,-0.092409,15.966422,1.228186,36,2.83546,14,2.84643,0.3889,19,2.82577,0.5278,3,2.84558,0.0833,Cubo,NO,,,Oh
cubo_Ag_08_Au_05_config_329,-12457.4778,-12457.47983,1,0.1336,5,8,-1.207338,-0.092872,-1.099536,-0.08458,16.068202,1.236016,36,2.83266,15,2.83338,0.4167,17,2.82832,0.4722,4,2.84843,0.1111,Cubo,NO,,,Oh
cubo_Ag_08_Au_05_config_330,-12457.4227,-12457.56232,1,0.18249,5,8,-1.152238,-0.088634,-1.182026,-0.090925,15.985712,1.22967,36,2.83085,15,2.82303,0.4167,17,2.83598,0.4722,4,2.83834,0.1111,Cubo,NO,,,Oh
cubo_Ag_08_Au_05_config_331,-12457.4449,-12457.60682,1,0.18856,5,8,-1.174438,-0.090341,-1.226526,-0.094348,15.941212,1.226247,36,2.83679,14,2.84633,0.3889,19,2.81987,0.5278,3,2.89942,0.0833,Cubo,NO,,,Oh
cubo_Ag_08_Au_05_config_332,-12457.5591,-12457.68635,1,0.18542,5,8,-1.288638,-0.099126,-1.306056,-0.100466,15.861682,1.220129,36,2.83438,14,2.84425,0.3889,19,2.82277,0.5278,3,2.86178,0.0833,Cubo,NO,,,Oh
cubo_Ag_08_Au_05_config_333,-12457.6383,-12457.75896,1,0.18398,5,8,-1.367838,-0.105218,-1.378666,-0.106051,15.789072,1.214544,36,2.8315,13,2.84649,0.3611,21,2.81916,0.5833,2,2.86353,0.0556,Cubo,Cs,0.0000,0.0004,Oh
cubo_Ag_08_Au_05_config_334,-12457.6616,-12457.78916,1,0.18196,5,8,-1.391138,-0.107011,-1.408866,-0.108374,15.758872,1.212221,36,2.83229,14,2.83386,0.3889,19,2.81905,0.5278,3,2.90889,0.0833,Cubo,NO,,,Oh
cubo_Ag_08_Au_05_config_335,-12457.5797,-12457.69969,1,0.18461,5,8,-1.309238,-0.100711,-1.319396,-0.101492,15.848342,1.219103,36,2.83325,13,2.85315,0.3611,21,2.81619,0.5833,2,2.88307,0.0556,Cubo,Cs,0.0000,0.0002,Oh
cubo_Ag_08_Au_05_config_336,-12457.4509,-12457.58733,1,0.13096,5,8,-1.180438,-0.090803,-1.207036,-0.092849,15.960702,1.227746,36,2.83271,14,2.84542,0.3889,19,2.81891,0.5278,3,2.86078,0.0833,Cubo,Cs,0.0000,0.0001,Oh
cubo_Ag_08_Au_05_config_337,-12457.5273,-12457.69618,0.99,0.17498,5,8,-1.256838,-0.09668,-1.315886,-0.101222,15.851852,1.219373,36,2.83314,14,2.83565,0.3889,19,2.81674,0.5278,3,2.92532,0.0833,Cubo,NO,,,Oh
cubo_Ag_08_Au_05_config_338,-12457.5235,-12457.65504,1,0.19117,5,8,-1.253038,-0.096388,-1.274746,-0.098057,15.892992,1.222538,36,2.83357,13,2.85619,0.3611,21,2.81779,0.5833,2,2.85214,0.0556,Cubo,C2,0.0184,0.0136,Oh
cubo_Ag_08_Au_05_config_339,-12457.5278,-12457.65384,1,0.18983,5,8,-1.257338,-0.096718,-1.273546,-0.097965,15.894192,1.22263,36,2.82824,15,2.8103,0.4167,17,2.83652,0.4722,4,2.8603,0.1111,Cubo,C2,0.0000,0.0001,Oh
cubo_Ag_08_Au_05_config_340,-12457.5431,-12457.71197,0.99,0.16303,5,8,-1.272638,-0.097895,-1.331676,-0.102437,15.836062,1.218159,36,2.83422,15,2.83354,0.4167,17,2.81204,0.4722,4,2.93103,0.1111,Cubo,Cs,0.0000,0.0002,Oh
cubo_Ag_08_Au_05_config_341,-12457.5326,-12457.67997,1,0.12585,5,8,-1.262138,-0.097088,-1.299676,-0.099975,15.868062,1.22062,36,2.83138,13,2.83929,0.3611,21,2.81796,0.5833,2,2.92082,0.0556,Cubo,C2,0.0014,0.0038,Oh
cubo_Ag_08_Au_05_config_342,-12457.4891,-12457.6457,1,0.18257,5,8,-1.218638,-0.093741,-1.265406,-0.097339,15.902332,1.223256,36,2.83779,13,2.86349,0.3611,21,2.82017,0.5833,2,2.85587,0.0556,Cubo,C2v,0.0007,0.0026,Oh
cubo_Ag_09_Au_04_config_301,-12549.9886,-12550.12661,1,0.20029,4,9,-0.481131,-0.03701,-0.506557,-0.038966,16.610256,1.277712,36,2.84394,14,2.8669,0.3889,17,2.80484,0.4722,5,2.91254,0.1389,Cubo,Cs,0.0061,0.0078,Oh
cubo_Ag_09_Au_04_config_302,-12550.8574,-12550.93835,1,0.21462,4,9,-1.349931,-0.103841,-1.318297,-0.101407,15.798516,1.21527,34,2.82786,13,2.83867,0.3824,18,2.80008,0.5294,3,2.94769,0.0882,Cubo,NO,,,NO
cubo_Ag_09_Au_04_config_303,-12549.8443,-12550.02957,0.99,0.17616,4,9,-0.336831,-0.02591,-0.409517,-0.031501,16.707296,1.285177,36,2.83724,15,2.83756,0.4167,15,2.80355,0.4167,6,2.92064,0.1667,Cubo,C3v,0.0000,0.0002,Oh
cubo_Ag_09_Au_04_config_304,-12549.7346,-12550.17052,1,0.18099,4,9,-0.227131,-0.017472,-0.550467,-0.042344,16.566346,1.274334,36,2.84135,13,2.84621,0.3611,19,2.82425,0.5278,4,2.90678,0.1111,Cubo,Cs,0.0926,0.0304,Oh
cubo_Ag_09_Au_04_config_305,-12550.0804,-12550.22805,1,0.19988,4,9,-0.572931,-0.044072,-0.607997,-0.046769,16.508816,1.269909,36,2.84013,13,2.85646,0.3611,19,2.81517,0.5278,4,2.90564,0.1111,Cubo,NO,,,Oh
cubo_Ag_09_Au_04_config_306,-12550.189,-12550.30997,1,0.19731,4,9,-0.681531,-0.052425,-0.689917,-0.053071,16.426896,1.263607,36,2.83957,13,2.83753,0.3611,19,2.82639,0.5278,4,2.90883,0.1111,Cubo,NO,,,Oh
cubo_Ag_09_Au_04_config_307,-12550.1617,-12550.29252,1,0.19992,4,9,-0.654231,-0.050325,-0.672467,-0.051728,16.444346,1.26495,36,2.84206,12,2.86385,0.3333,21,2.82259,0.5833,3,2.89118,0.0833,Cubo,Cs,0.0200,0.0141,Oh
cubo_Ag_09_Au_04_config_308,-12550.0848,-12550.18428,1,0.14021,4,9,-0.577331,-0.04441,-0.564227,-0.043402,16.552586,1.273276,36,2.84061,12,2.86179,0.3333,21,2.82488,0.5833,3,2.86602,0.0833,Cubo,C2v,0.0000,0.0002,Oh
cubo_Ag_09_Au_04_config_309,-12550.078,-12550.22331,1,0.13741,4,9,-0.570531,-0.043887,-0.603257,-0.046404,16.513556,1.270274,36,2.84011,12,2.84562,0.3333,21,2.83033,0.5833,3,2.88662,0.0833,Cubo,D3,0.3103,0.0557,Oh
cubo_Ag_09_Au_04_config_310,-12550.3417,-12550.43711,1,0.1884,4,9,-0.834231,-0.064172,-0.817057,-0.062851,16.299756,1.253827,36,2.83181,20,2.8219,0.5556,12,2.85859,0.3333,4,2.80097,0.1111,Cubo,C4v,0.0000,0.0001,Oh
cubo_Ag_09_Au_04_config_311,-12550.2732,-12550.44823,1,0.18,4,9,-0.765731,-0.058902,-0.828177,-0.063706,16.288636,1.252972,36,2.83884,20,2.84776,0.5556,12,2.80466,0.3333,4,2.89675,0.1111,Cubo,NO,,,Oh
cubo_Ag_09_Au_04_config_312,-12550.364,-12550.52124,1,0.14486,4,9,-0.856531,-0.065887,-0.901187,-0.069322,16.215626,1.247356,36,2.83306,19,2.83467,0.5278,14,2.82405,0.3889,3,2.86492,0.0833,Cubo,NO,,,Oh
cubo_Ag_09_Au_04_config_313,-12550.5747,-12550.70715,1,0.18715,4,9,-1.067231,-0.082095,-1.087097,-0.083623,16.029716,1.233055,36,2.83369,18,2.83919,0.5,16,2.82594,0.4444,2,2.84608,0.0556,Cubo,Cs,0.0000,0.0001,Oh
cubo_Ag_09_Au_04_config_314,-12550.5956,-12550.73046,1,0.18553,4,9,-1.088131,-0.083702,-1.110407,-0.085416,16.006406,1.231262,36,2.83405,18,2.83763,0.5,16,2.82516,0.4444,2,2.87292,0.0556,Cubo,NO,,,Oh
cubo_Ag_09_Au_04_config_315,-12550.6716,-12550.79747,1,0.18434,4,9,-1.164131,-0.089549,-1.177417,-0.090571,15.939396,1.226107,36,2.8313,18,2.8296,0.5,16,2.82734,0.4444,2,2.87827,0.0556,Cubo,Cs,0.0096,0.0098,Oh
cubo_Ag_09_Au_04_config_316,-12550.4806,-12550.96419,1,0.21017,4,9,-0.973131,-0.074856,-1.344137,-0.103395,15.772676,1.213283,34,2.82463,16,2.85532,0.4706,16,2.79547,0.4706,2,2.81249,0.0588,Cubo,NO,,,NO
cubo_Ag_09_Au_04_config_317,-12550.4745,-12550.58316,1,0.0895,4,9,-0.967031,-0.074387,-0.963107,-0.074085,16.153706,1.242593,36,2.83589,19,2.82823,0.5278,14,2.84758,0.3889,3,2.82979,0.0833,Cubo,Cs,0.0058,0.0076,Oh
cubo_Ag_09_Au_04_config_318,-12550.5853,-12550.74613,1,0.18863,4,9,-1.077831,-0.08291,-1.126077,-0.086621,15.990736,1.230057,36,2.83245,18,2.82634,0.5,16,2.8276,0.4444,2,2.92632,0.0556,Cubo,C2,0.0000,0.0004,Oh
cubo_Ag_09_Au_04_config_319,-12550.509,-12550.68827,0.99,0.17534,4,9,-1.001531,-0.077041,-1.068217,-0.082171,16.048596,1.234507,36,2.83327,19,2.83061,0.5278,14,2.81287,0.3889,3,2.94529,0.0833,Cubo,Cs,0.0000,0.0004,Oh
cubo_Ag_09_Au_04_config_320,-12550.5592,-12550.72352,1,0.15812,4,9,-1.051731,-0.080902,-1.103467,-0.084882,16.013346,1.231796,36,2.83368,17,2.84306,0.4722,18,2.82323,0.5,1,2.86226,0.0278,Cubo,NO,,,Oh
cubo_Ag_09_Au_04_config_321,-12550.5754,-12550.73813,0.99,0.16341,4,9,-1.067931,-0.082149,-1.118077,-0.086006,15.998736,1.230672,36,2.82977,18,2.81966,0.5,16,2.82769,0.4444,2,2.93731,0.0556,Cubo,C2,0.0000,0.0003,Oh
cubo_Ag_09_Au_04_config_322,-12550.6952,-12550.83948,1,0.18507,4,9,-1.187731,-0.091364,-1.219427,-0.093802,15.897386,1.222876,36,2.83019,18,2.82614,0.5,16,2.82577,0.4444,2,2.90192,0.0556,Cubo,C2,0.0000,0.0002,Oh
cubo_Ag_09_Au_04_config_323,-12550.68992,-12550.45175,1,0.18842,4,9,-1.182451,-0.090958,-0.831697,-0.063977,16.285116,1.252701,32,2.8028,14,2.82265,0.4375,15,2.77901,0.4688,3,2.82916,0.0938,Cubo,NO,,,Cs
cubo_Ag_09_Au_04_config_324,-12550.5824,-12550.69885,1,0.18817,4,9,-1.074931,-0.082687,-1.078797,-0.082984,16.038016,1.233694,36,2.83374,18,2.8387,0.5,16,2.82494,0.4444,2,2.85943,0.0556,Cubo,C2v,0.0000,0.0001,Oh
cubo_Ag_09_Au_04_config_325,-12550.7932,-12550.89603,1,0.18476,4,9,-1.285731,-0.098902,-1.275977,-0.098152,15.840836,1.218526,36,2.82501,18,2.81264,0.5,16,2.82884,0.4444,2,2.90578,0.0556,Cubo,C2h,0.0000,0.0007,Oh
cubo_Ag_09_Au_04_config_326,-12550.7599,-12550.84994,1,0.18497,4,9,-1.252431,-0.096341,-1.229887,-0.094607,15.886926,1.222071,36,2.82541,16,2.83414,0.4444,20,2.81843,0.5556,0,0,0,Cubo,D2d,0.0000,0.0001,Oh
cubo_Ag_09_Au_04_config_327,-12550.5479,-12550.65305,2.99,0.1839,4,9,-1.040431,-0.080033,-1.032997,-0.079461,16.083816,1.237217,36,2.82345,16,2.7916,0.4444,20,2.84893,0.5556,0,0,0,Cubo,D4h,0.0000,0.0000,Oh
cubo_Ag_10_Au_03_config_301,-12643.0932,-12643.2397,1,0.20265,3,10,-0.348723,-0.026825,-0.379888,-0.029222,16.686,1.283538,36,2.83869,17,2.84603,0.4722,16,2.81114,0.4444,3,2.94396,0.0833,Cubo,Cs,0.0000,0.0002,Oh
cubo_Ag_10_Au_03_config_302,-12643.0743,-12643.19345,1,0.0883,3,10,-0.329823,-0.025371,-0.333638,-0.025664,16.73225,1.287096,36,2.8394,16,2.85725,0.4444,18,2.81626,0.5,2,2.90485,0.0556,Cubo,C2v,0.2383,0.0488,Oh
cubo_Ag_10_Au_03_config_303,-12643.1768,-12643.30836,1,0.19942,3,10,-0.432323,-0.033256,-0.448548,-0.034504,16.61734,1.278257,36,2.84025,16,2.8426,0.4444,18,2.83048,0.5,2,2.90932,0.0556,Cubo,C2,0.0000,0.0000,Oh
cubo_Ag_10_Au_03_config_304,-12643.3168,-12643.32363,1,0.14272,3,10,-0.572323,-0.044025,-0.463818,-0.035678,16.60207,1.277082,36,2.83648,16,2.82654,0.4444,18,2.84132,0.5,2,2.8724,0.0556,Cubo,D2h,0.2535,0.0503,Oh
cubo_Ag_10_Au_03_config_305,-12643.5342,-12643.66166,1,0.18764,3,10,-0.789723,-0.060748,-0.801848,-0.061681,16.26404,1.25108,36,2.83357,23,2.83269,0.6389,11,2.82968,0.3056,2,2.86506,0.0556,Cubo,Cs,0.0037,0.0061,Oh
cubo_Ag_10_Au_03_config_306,-12643.4311,-12643.57977,1,0.12891,3,10,-0.686623,-0.052817,-0.719958,-0.055381,16.34593,1.257379,36,2.83506,23,2.83476,0.6389,11,2.81711,0.3056,2,2.93716,0.0556,Cubo,C2,0.0000,0.0007,Oh
cubo_Ag_10_Au_03_config_307,-12643.3782,-12643.53876,0.99,0.17524,3,10,-0.633723,-0.048748,-0.678948,-0.052227,16.38694,1.260534,36,2.84078,24,2.84323,0.6667,9,2.7979,0.25,3,2.94983,0.0833,Cubo,C3v,0.0000,0.0000,Oh
cubo_Ag_10_Au_03_config_308,-12643.5427,-12643.72513,0.99,0.17711,3,10,-0.798223,-0.061402,-0.865318,-0.066563,16.20057,1.246198,36,2.83891,22,2.84135,0.6111,13,2.82701,0.3611,1,2.93994,0.0278,Cubo,Cs,0.0224,0.0150,Oh
cubo_Ag_10_Au_03_config_309,-12643.6321,-12643.77608,1,0.18748,3,10,-0.887623,-0.068279,-0.916268,-0.070482,16.14962,1.242278,36,2.83483,22,2.83787,0.6111,13,2.82502,0.3611,1,2.89527,0.0278,Cubo,NO,,,Oh
cubo_Ag_10_Au_03_config_310,-12643.7403,-12643.87111,1,0.18637,3,10,-0.995823,-0.076602,-1.011298,-0.077792,16.05459,1.234968,36,2.82998,22,2.82332,0.6111,13,2.83539,0.3611,1,2.90635,0.0278,Cubo,NO,,,Oh
cubo_Ag_10_Au_03_config_311,-12643.7198,-12643.84725,1,0.1872,3,10,-0.975323,-0.075025,-0.987438,-0.075957,16.07845,1.236804,36,2.83661,21,2.84626,0.5833,15,2.82311,0.4167,0,0,0,Cubo,Cs,0.0136,0.0117,Oh
cubo_Ag_10_Au_03_config_312,-12643.6359,-12643.7466,1,0.14409,3,10,-0.891423,-0.068571,-0.886788,-0.068214,16.1791,1.244546,36,2.83593,21,2.84762,0.5833,15,2.81956,0.4167,0,0,0,Cubo,C2v,0.0000,0.0002,Oh
cubo_Ag_10_Au_03_config_313,-12643.6211,-12643.7687,1,0.13129,3,10,-0.876623,-0.067433,-0.908888,-0.069914,16.157,1.242846,36,2.83293,21,2.83395,0.5833,15,2.83151,0.4167,0,0,0,Cubo,D3,0.2367,0.0487,Oh
cubo_Ag_11_Au_02_config_301,-12736.1038,-12736.23694,1,0.11325,2,11,-0.122315,-0.009409,-0.137368,-0.010567,16.877594,1.298276,36,2.84007,20,2.84047,0.5556,15,2.8303,0.4167,1,2.9787,0.0278,Cubo,C2v,0.0849,0.0291,Oh
cubo_Ag_11_Au_02_config_302,-12736.6024,-12736.7426,1,0.188,2,11,-0.620915,-0.047763,-0.643028,-0.049464,16.371934,1.25938,36,2.83555,27,2.8339,0.75,8,2.83293,0.2222,1,2.90101,0.0278,Cubo,Cs,0.0399,0.0200,Oh
cubo_Ag_11_Au_02_config_303,-12736.5859,-12736.7144,1,0.09895,2,11,-0.604415,-0.046493,-0.614828,-0.047294,16.400134,1.261549,36,2.83172,26,2.83661,0.7222,10,2.819,0.2778,0,0,0,Cubo,C2v,0.0118,0.0109,Oh
cubo_Ag_11_Au_02_config_304,-12736.6906,-12736.82361,1,0.18751,2,11,-0.709115,-0.054547,-0.724038,-0.055695,16.290924,1.253148,36,2.83548,26,2.83499,0.7222,10,2.83678,0.2778,0,0,0,Cubo,C2,0.0000,0.0002,Oh
cubo_Ag_11_Au_02_config_305,-12736.7066,-12736.81084,1,0.18203,2,11,-0.725115,-0.055778,-0.711268,-0.054713,16.303694,1.25413,36,2.83717,26,2.8344,0.7222,10,2.84436,0.2778,0,0,0,Cubo,D2h,0.0000,0.0001,Oh
cubo_Ag_12_Au_01_config_301,-12829.02809,-12829.16369,0.99,0.38434,1,12,0.190402,0.014646,0.175641,0.013511,17.139678,1.318437,36,2.83874,24,2.83915,0.6667,12,2.83792,0.3333,0,0,0,Cubo,Oh,0.0000,0.0000,Oh
cubo_Ag_12_Au_01_config_302,-12829.5701,-12829.71237,1,0.16852,1,12,-0.351608,-0.027047,-0.373039,-0.028695,16.590998,1.276231,36,2.83533,31,2.83486,0.8611,5,2.83825,0.1389,0,0,0,Cubo,Cs,,,Oh
cubo_Ag_13_Au_00_distorted,-12922.4555,-12922.57909,0.99,0.56546,0,13,0,0,0,0,16.913112,1.301009,36,2.83631,36,2.83631,1,0,0,0,0,0,0,Cubo,Oh,0.0000,0.0001,Oh
cubo_Ag_13_Au_00_config_301,-12922.4555,-12922.57909,0.99,0.56546,0,13,0,0,0,0,16.913112,1.301009,36,2.83631,36,2.83631,1,0,0,0,0,0,0,Cubo,Oh,0.4374,0.0661,Oh
